Date Sampled,Start Time,End Time,Date Measured,Zone,Location,Vessel,Sampler,Latitude,Longitude,Depth,Trap #,Crab #,Sex,Shell Condition,Carapace Width,Claw Height,Egg Color,Hepato Color,Hepato Texture,% Eggs Remaining,Gonad Color,Missing Legs,Maturity,Barnacles,Spiroidea,Cigarette Burn,Egg Col L,Egg Col a,Egg Col b,Gon Col L,Gon Col a,Gon Col b,Hep Col L,Hep Col a,Hep Col b,Commentaire,Crab Weight,Gonad Weight,Hepato Weight,,,,,,,,,,,,,,,,
03062017,14:30,*,05062017,12,Baie-des-Chaleurs,CCGS Perley,R.ALLAIN / M.MORIYASU,4802.546,6458.847,*,*,1,2,4,76.11,*,OP,m,,100,Beige,*1********,M,*,*,*,48.891,29.174,50.416,56.816,12.309,28.302,53.823,7.110,40.243,*,147.4,1.48,8.25,,,,,,,,,,,,,,,,
03062017,14:30,*,05062017,12,Baie-des-Chaleurs,CCGS Perley,R.ALLAIN / M.MORIYASU,4802.546,6458.847,*,*,2,2,4,73.75,*,OP,m,,100,Beige,*******1**,M,*,*,*,46.690,25.179,41.282,57.406,14.385,25.666,57.414,1.563,10.677,*,126.4,0.99,3.76,,,,,,,,,,,,,,,,
03062017,14:30,*,05062017,12,Baie-des-Chaleurs,CCGS Perley,R.ALLAIN / M.MORIYASU,4802.546,6458.847,*,*,3,2,4,72.4,*,OP,cm,w,100,OC,**1*******,M,*,*,*,27.524,4.568,7.995,*,*,*,40.356,6.464,19.882,*,127.7,1.04,4.91,,,,,,,,,,,,,,,,
03062017,14:30,*,05062017,12,Baie-des-Chaleurs,CCGS Perley,R.ALLAIN / M.MORIYASU,4802.546,6458.847,*,*,4,2,4,82.24,*,OP,cm,,100,Orange,**********,M,*,*,*,40.606,26.056,29.816,53.132,33.969,50.004,41.631,6.102,23.546,*,181,7.9,9.71,,,,,,,,,,,,,,,,
03062017,14:30,*,05062017,12,Baie-des-Chaleurs,CCGS Perley,R.ALLAIN / M.MORIYASU,4802.546,6458.847,*,*,5,2,4,78.49,*,OF,cm,w,100,Orange,**********,M,*,*,*,38.119,22.590,24.863,55.704,23.458,35.160,40.536,6.140,17.907,*,191.2,2.97,7.26,,,,,,,,,,,,,,,,
03062017,14:30,*,05062017,12,Baie-des-Chaleurs,CCGS Perley,R.ALLAIN / M.MORIYASU,4802.546,6458.847,*,*,6,2,4,79.98,*,OP,cm,,100,OC,**********,M,*,*,*,44.963,26.793,39.310,58.405,12.693,23.976,40.690,4.676,15.483,*,177.8,1.69,7.13,,,,,,,,,,,,,,,,
03062017,14:30,*,05062017,12,Baie-des-Chaleurs,CCGS Perley,R.ALLAIN / M.MORIYASU,4802.546,6458.847,*,*,7,2,4,74.75,*,OF,cm,,100,Orange,**********,M,*,*,*,40.930,25.117,27.631,52.765,33.435,44.552,51.630,8.351,29.657,*,147.3,6.18,7.58,,,,,,,,,,,,,,,,
03062017,14:30,*,05062017,12,Baie-des-Chaleurs,CCGS Perley,R.ALLAIN / M.MORIYASU,4802.546,6458.847,*,*,8,2,4,76.86,*,OF,cm,,100,Orange,**********,M,*,*,*,43.301,24.894,29.172,54.083,31.732,44.555,46.654,8.072,23.651,*,163.3,5.58,7.71,,,,,,,,,,,,,,,,
03062017,14:30,*,05062017,12,Baie-des-Chaleurs,CCGS Perley,R.ALLAIN / M.MORIYASU,4802.546,6458.847,*,*,9,2,4,66.49,*,OF,cm,,100,Orange,*****1****,M,*,*,*,38.514,23.260,21.666,52.481,35.481,45.009,50.657,4.037,20.408,*,99.3,5.37,5.22,,,,,,,,,,,,,,,,
03062017,14:30,*,05062017,12,Baie-des-Chaleurs,CCGS Perley,R.ALLAIN / M.MORIYASU,4802.546,6458.847,*,*,10,2,4,77.2,*,OP,cm,,100,Beige,**********,M,*,*,*,49.156,29.121,39.449,58.361,6.625,14.396,47.349,4.389,17.560,*,164.2,2.93,5.75,,,,,,,,,,,,,,,,
03062017,14:30,*,05062017,12,Baie-des-Chaleurs,CCGS Perley,R.ALLAIN / M.MORIYASU,4802.546,6458.847,*,*,11,2,4,62.2,*,OP,cm,,100,Orange,****7*****,M,*,*,*,44.164,23.636,31.802,51.953,31.434,44.747,48.532,4.366,19.867,*,122.8,6.96,6.69,,,,,,,,,,,,,,,,
03062017,14:30,*,05062017,12,Baie-des-Chaleurs,CCGS Perley,R.ALLAIN / M.MORIYASU,4802.546,6458.847,*,*,12,2,4,82.76,*,OP,cm,,100,Orange,***1******,M,*,*,*,41.151,20.672,25.326,51.939,28.735,43.834,53.226,3.715,24.301,*,185,7.25,8.51,,,,,,,,,,,,,,,,
03062017,14:30,*,05062017,12,Baie-des-Chaleurs,CCGS Perley,R.ALLAIN / M.MORIYASU,4802.546,6458.847,*,*,13,2,4,70.73,*,OP,cm,w,100,Beige,**********,M,*,*,*,48.425,27.827,39.874,55.920,6.133,15.063,33.732,5.557,12.208,*,119.2,1.84,4.67,,,,,,,,,,,,,,,,
03062017,14:30,*,05062017,12,Baie-des-Chaleurs,CCGS Perley,R.ALLAIN / M.MORIYASU,4802.546,6458.847,*,*,14,2,4,66.09,*,OF,m,w,100,Orange,******1***,M,*,*,*,39.364,24.314,25.669,49.384,32.600,41.932,41.881,9.042,22.367,*,96.5,3.93,5.12,,,,,,,,,,,,,,,,
03062017,14:30,*,05062017,12,Baie-des-Chaleurs,CCGS Perley,R.ALLAIN / M.MORIYASU,4802.546,6458.847,*,*,15,2,4,70.19,*,OF,cm,w,100,OC,****1*****,M,*,*,*,40.961,22.672,28.836,57.653,16.686,35.298,40.933,6.625,16.840,*,117.1,2.39,4.46,,,,,,,,,,,,,,,,
03062017,14:30,*,05062017,12,Baie-des-Chaleurs,CCGS Perley,R.ALLAIN / M.MORIYASU,4802.546,6458.847,*,*,16,2,4,68.78,*,OF,cm,w,100,OC,*1********,M,*,*,*,39.396,23.355,28.042,55.433,20.732,36.355,33.683,7.846,12.304,*,112.1,2.25,4.94,,,,,,,,,,,,,,,,
03062017,14:30,*,05062017,12,Baie-des-Chaleurs,CCGS Perley,R.ALLAIN / M.MORIYASU,4802.546,6458.847,*,*,17,2,4,72.7,*,OP,cm,w,100,Beige,*******77*,M,*,*,*,48.623,26.241,41.767,58.654,6.425,16.322,40.998,4.577,17.590,*,124.3,3.15,5.7,,,,,,,,,,,,,,,,
03062017,14:30,*,05062017,12,Baie-des-Chaleurs,CCGS Perley,R.ALLAIN / M.MORIYASU,4802.546,6458.847,*,*,18,2,4,73.93,*,OP,dm,w,100,Beige,**********,M,*,*,*,39.802,19.053,26.932,60.647,10.531,28.778,35.534,5.575,10.517,*,138.2,3.21,6.37,,,,,,,,,,,,,,,,
03062017,14:30,*,05062017,12,Baie-des-Chaleurs,CCGS Perley,R.ALLAIN / M.MORIYASU,4802.546,6458.847,*,*,19,2,4,78.61,*,OP,cm,w,100,Beige,**1*1*****,M,*,*,*,40.233,18.212,25.173,55.714,11.493,24.682,44.637,6.575,19.758,*,169.8,2.49,6.25,,,,,,,,,,,,,,,,
03062017,14:30,*,05062017,12,Baie-des-Chaleurs,CCGS Perley,R.ALLAIN / M.MORIYASU,4802.546,6458.847,*,*,20,2,4,73.32,*,OP,dm,,100,Beige,**********,M,*,*,*,45.880,27.678,38.417,64.541,2.418,13.611,38.966,4.573,13.515,*,131.4,2.19,4.43,,,,,,,,,,,,,,,,
03062017,14:30,*,05062017,12,Baie-des-Chaleurs,CCGS Perley,R.ALLAIN / M.MORIYASU,4802.546,6458.847,*,*,21,2,4,58.35,*,OF,cm,,100,Orange,**1*******,M,*,*,*,38.289,20.611,19.294,51.778,37.423,47.063,45.016,5.181,19.778,*,71.3,2.44,3.69,,,,,,,,,,,,,,,,
03062017,14:30,*,05062017,12,Baie-des-Chaleurs,CCGS Perley,R.ALLAIN / M.MORIYASU,4802.546,6458.847,*,*,22,2,4,72.87,*,OF,cm,w,100,Orange,*********1,M,*,*,*,39.616,21.335,26.790,54.901,30.949,50.475,43.224,3.443,14.863,*,134.7,7.78,8.03,,,,,,,,,,,,,,,,
03062017,14:30,*,05062017,12,Baie-des-Chaleurs,CCGS Perley,R.ALLAIN / M.MORIYASU,4802.546,6458.847,*,*,23,2,4,70.64,*,OP,dm,w,100,Orange,**********,M,*,*,*,48.235,29.752,41.992,52.403,18.080,26.520,32.173,5.180,13.586,*,120.2,3.39,4.41,,,,,,,,,,,,,,,,
03062017,14:30,*,05062017,12,Baie-des-Chaleurs,CCGS Perley,R.ALLAIN / M.MORIYASU,4802.546,6458.847,*,*,24,2,4,78.52,*,OP,cm,,100,Beige,**********,M,*,*,*,48.465,30.183,43.029,57.112,5.426,13.112,44.662,5.343,17.091,*,181.1,1.92,7.58,,,,,,,,,,,,,,,,
03062017,14:30,*,05062017,12,Baie-des-Chaleurs,CCGS Perley,R.ALLAIN / M.MORIYASU,4802.546,6458.847,*,*,25,2,4,65.68,*,OP,dm,,100,Beige,**********,M,*,*,*,45.903,28.722,40.926,57.200,8.751,17.027,41.899,6.659,17.183,*,115.2,1.41,4.28,,,,,,,,,,,,,,,,
03062017,14:30,*,05062017,12,Baie-des-Chaleurs,CCGS Perley,R.ALLAIN / M.MORIYASU,4802.546,6458.847,*,*,26,2,4,58.71,*,OP,cm,w,100,Beige,**********,M,*,*,*,46.102,21.507,34.014,60.313,4.815,15.519,41.264,4.477,17.033,*,89.8,1.32,2.93,,,,,,,,,,,,,,,,
03062017,14:30,*,05062017,12,Baie-des-Chaleurs,CCGS Perley,R.ALLAIN / M.MORIYASU,4802.546,6458.847,*,*,27,2,4,70.15,*,OP,cm,,100,Beige,**********,M,*,*,*,44.481,26.553,36.804,56.977,5.931,14.418,39.318,4.954,16.891,*,131.1,2.24,5.48,,,,,,,,,,,,,,,,
03062017,14:30,*,05062017,12,Baie-des-Chaleurs,CCGS Perley,R.ALLAIN / M.MORIYASU,4802.546,6458.847,*,*,28,2,4,68.09,*,OP,cm,,100,Orange,**********,M,*,*,*,43.313,26.475,34.248,52.371,30.776,47.452,49.441,4.140,20.356,*,129.8,6.81,6.7,,,,,,,,,,,,,,,,
03062017,14:30,*,05062017,12,Baie-des-Chaleurs,CCGS Perley,R.ALLAIN / M.MORIYASU,4802.546,6458.847,*,*,29,2,4,70.39,*,OP,cm,w,100,Beige,********1*,M,*,*,*,48.387,25.872,40.104,59.814,5.995,19.291,37.096,5.409,18.017,*,124.1,2.24,6.13,,,,,,,,,,,,,,,,
03062017,14:30,*,05062017,12,Baie-des-Chaleurs,CCGS Perley,R.ALLAIN / M.MORIYASU,4802.546,6458.847,*,*,30,2,4,81.6,*,OF,cm,,100,Orange,*******1**,M,*,*,*,39.047,19.678,26.371,50.411,13.660,29.860,49.611,4.494,20.046,*,177,9.83,7.97,,,,,,,,,,,,,,,,
03062017,14:30,*,05062017,12,Baie-des-Chaleurs,CCGS Perley,R.ALLAIN / M.MORIYASU,4802.546,6458.847,*,*,31,2,4,79.29,*,OP,dm,,100,Beige,**********,M,*,*,*,49.652,28.557,43.967,54.904,5.187,14.736,38.663,4.332,19.241,*,182.3,3.78,6.01,,,,,,,,,,,,,,,,
03062017,14:30,*,05062017,12,Baie-des-Chaleurs,CCGS Perley,R.ALLAIN / M.MORIYASU,4802.546,6458.847,*,*,32,2,4,59.04,*,OF,cm,w,100,Orange,*1*******1,M,*,*,*,39.440,21.547,27.358,53.417,33.141,49.006,46.509,5.029,18.090,*,83.1,3.79,4.99,,,,,,,,,,,,,,,,
03062017,14:30,*,05062017,12,Baie-des-Chaleurs,CCGS Perley,R.ALLAIN / M.MORIYASU,4802.546,6458.847,*,*,33,2,4,74.49,*,OF,m,,100,Orange,**********,M,*,*,*,45.474,21.678,25.820,51.411,32.863,45.901,49.294,5.065,28.425,*,182.3,8.23,9.44,,,,,,,,,,,,,,,,
03062017,14:30,*,05062017,12,Baie-des-Chaleurs,CCGS Perley,R.ALLAIN / M.MORIYASU,4802.546,6458.847,*,*,34,2,4,72.28,*,OP,dm,,100,Beige,**********,M,*,*,*,48.577,29.227,44.045,55.345,4.804,13.642,30.968,6.728,13.234,*,142.3,2.13,4.87,,,,,,,,,,,,,,,,
03062017,14:30,*,05062017,12,Baie-des-Chaleurs,CCGS Perley,R.ALLAIN / M.MORIYASU,4802.546,6458.847,*,*,35,2,4,75.23,*,OF,cm,w,100,Orange,******1***,M,*,*,*,39.194,22.385,27.683,56.407,34.634,52.836,46.475,9.295,30.476,*,153.3,9.02,7.46,,,,,,,,,,,,,,,,
03062017,14:30,*,05062017,12,Baie-des-Chaleurs,CCGS Perley,R.ALLAIN / M.MORIYASU,4802.546,6458.847,*,*,36,2,4,74.5,*,OF,dm,w,100,Orange,**********,M,*,*,*,38.075,25.688,26.313,55.860,30.994,50.653,36.822,7.248,15.987,*,133.3,4.12,6.08,,,,,,,,,,,,,,,,
03062017,14:30,*,05062017,12,Baie-des-Chaleurs,CCGS Perley,R.ALLAIN / M.MORIYASU,4802.546,6458.847,*,*,37,2,4,77.5,*,OP,dm,,50,Beige,****1*1***,M,*,*,*,47.598,22.466,37.575,61.307,2.133,18.958,29.354,5.335,6.981,*,142.7,2.66,3.73,,,,,,,,,,,,,,,,
03062017,14:30,*,05062017,12,Baie-des-Chaleurs,CCGS Perley,R.ALLAIN / M.MORIYASU,4802.546,6458.847,*,*,38,2,4,72.26,*,OP,dm,,100,Beige,********1*,M,*,*,*,45.897,26.515,40.246,65.962,8.028,23.858,35.298,6.814,12.170,*,127.3,2.07,5.01,,,,,,,,,,,,,,,,
03062017,14:30,*,05062017,12,Baie-des-Chaleurs,CCGS Perley,R.ALLAIN / M.MORIYASU,4802.546,6458.847,*,*,39,2,4,72.18,*,OF,cm,,100,Orange,**********,M,*,*,*,39.646,26.033,31.516,40.835,24.903,30.266,52.293,36.101,49.538,*,141.1,8.29,5.97,,,,,,,,,,,,,,,,
03062017,14:30,*,05062017,12,Baie-des-Chaleurs,CCGS Perley,R.ALLAIN / M.MORIYASU,4802.546,6458.847,*,*,40,2,4,66.77,*,OP,dm,,100,Beige,**********,M,*,*,*,46.131,7.096,23.987,61.421,5.618,16.146,39.291,4.619,13.044,*,119.4,2.05,5.13,,,,,,,,,,,,,,,,
03062017,14:30,*,05062017,12,Baie-des-Chaleurs,CCGS Perley,R.ALLAIN / M.MORIYASU,4802.546,6458.847,*,*,41,2,4,79.31,*,OF,cm,w,100,Beige,**********,M,*,*,*,38.734,22.643,28.859,60.353,10.802,27.214,41.539,5.929,15.235,*,165.4,2.77,7.5,,,,,,,,,,,,,,,,
03062017,14:30,*,05062017,12,Baie-des-Chaleurs,CCGS Perley,R.ALLAIN / M.MORIYASU,4802.546,6458.847,*,*,42,2,4,66.1,*,OF,cm,w,100,Orange,***1******,M,*,*,*,37.284,25.729,28.442,53.958,32.157,47.110,46.800,4.923,17.666,*,96.9,4.35,5.21,,,,,,,,,,,,,,,,
03062017,14:30,*,05062017,12,Baie-des-Chaleurs,CCGS Perley,R.ALLAIN / M.MORIYASU,4802.546,6458.847,*,*,43,2,4,75.28,*,OF,cm,w,100,Orange,1*********,M,*,*,*,39.494,23.672,25.842,52.338,35.289,48.442,43.749,6.790,26.244,*,134.9,6.71,7.36,,,,,,,,,,,,,,,,
03062017,14:30,*,05062017,12,Baie-des-Chaleurs,CCGS Perley,R.ALLAIN / M.MORIYASU,4802.546,6458.847,*,*,44,2,4,71.55,*,OP,cm,,100,OC,**********,M,*,*,*,40.628,23.874,31.346,59.146,24.714,43.685,43.768,3.713,18.989,*,134.9,4.12,5.88,,,,,,,,,,,,,,,,
03062017,14:30,*,05062017,12,Baie-des-Chaleurs,CCGS Perley,R.ALLAIN / M.MORIYASU,4802.546,6458.847,*,*,45,2,4,61.6,*,OF,m,,100,Orange,**********,M,*,*,*,40.941,22.731,31.788,53.063,35.330,49.399,48.979,2.690,23.712,*,99.2,5.33,4.35,,,,,,,,,,,,,,,,
03062017,14:30,*,05062017,12,Baie-des-Chaleurs,CCGS Perley,R.ALLAIN / M.MORIYASU,4802.546,6458.847,*,*,46,2,4,56.11,*,OP,dm,w,90,Beige,*****11***,M,*,*,*,46.550,28.996,39.953,65.760,2.441,21.037,34.287,8.939,12.060,*,55.7,0.95,2.01,,,,,,,,,,,,,,,,
03062017,14:30,*,05062017,12,Baie-des-Chaleurs,CCGS Perley,R.ALLAIN / M.MORIYASU,4802.546,6458.847,*,*,47,2,4,77.87,*,OP,cm,,100,Orange,**********,M,*,*,*,40.601,20.686,30.372,57.320,30.902,49.720,46.469,4.330,23.164,*,168.7,5.62,9.38,,,,,,,,,,,,,,,,
03062017,14:30,*,05062017,12,Baie-des-Chaleurs,CCGS Perley,R.ALLAIN / M.MORIYASU,4802.546,6458.847,*,*,48,2,4,72.46,*,OF,cm,,100,Orange,*****1**1*,M,*,*,*,37.229,24.893,25.598,56.569,16.882,31.830,46.353,7.456,26.471,*,128.7,3.97,7.3,,,,,,,,,,,,,,,,
03062017,14:30,*,05062017,12,Baie-des-Chaleurs,CCGS Perley,R.ALLAIN / M.MORIYASU,4802.546,6458.847,*,*,49,2,4,78.46,*,OF,cm,,100,OC,**********,M,*,*,*,41.078,23.666,27.448,56.598,27.043,44.968,46.465,4.386,18.581,*,178.4,3.87,8.47,,,,,,,,,,,,,,,,
03062017,14:30,*,05062017,12,Baie-des-Chaleurs,CCGS Perley,R.ALLAIN / M.MORIYASU,4802.546,6458.847,*,*,50,2,4,72.34,*,OF,cm,w,100,Orange,*1******1*,M,*,*,*,38.962,20.811,27.562,59.150,23.196,44.955,50.357,3.461,20.883,*,125.5,3.69,6.79,,,,,,,,,,,,,,,,
03062017,14:30,*,05062017,12,Baie-des-Chaleurs,CCGS Perley,R.ALLAIN / M.MORIYASU,4802.546,6458.847,*,*,51,2,4,79.49,*,OF,cm,,90,Orange,********1*,M,*,*,*,37.227,23.554,25.144,53.990,35.254,49.850,44.904,29.069,37.335,*,155.1,6.47,8.6,,,,,,,,,,,,,,,,
03062017,14:30,*,05062017,12,Baie-des-Chaleurs,CCGS Perley,R.ALLAIN / M.MORIYASU,4802.546,6458.847,*,*,52,2,4,59.18,*,OC,cm,,100,Beige,**********,M,*,*,*,*,*,*,*,*,*,56.664,9.780,17.082,*,87.8,1.07,4.42,,,,,,,,,,,,,,,,
03062017,14:30,*,05062017,12,Baie-des-Chaleurs,CCGS Perley,R.ALLAIN / M.MORIYASU,4802.546,6458.847,*,*,53,2,4,70.58,*,OF,cm,,100,Orange,1******1**,M,*,*,*,39.192,25.839,25.618,53.925,33.822,46.334,53.592,6.007,22.739,*,117.7,3.99,6.28,,,,,,,,,,,,,,,,
03062017,14:30,*,05062017,12,Baie-des-Chaleurs,CCGS Perley,R.ALLAIN / M.MORIYASU,4802.546,6458.847,*,*,54,2,4,67.41,*,OF,cm,,100,Orange,**********,M,*,*,*,39.484,26.874,28.874,53.406,37.531,49.621,46.463,7.523,25.794,*,126.6,8.01,6.09,,,,,,,,,,,,,,,,
03062017,14:30,*,05062017,12,Baie-des-Chaleurs,CCGS Perley,R.ALLAIN / M.MORIYASU,4802.546,6458.847,*,*,55,2,3M,70.87,*,OP,cm,,100,OC,*********1,M,*,*,*,51.845,25.881,45.585,58.013,15.769,30.696,47.803,2.695,17.555,*,123.6,2.58,6.75,,,,,,,,,,,,,,,,
03062017,14:30,*,05062017,12,Baie-des-Chaleurs,CCGS Perley,R.ALLAIN / M.MORIYASU,4802.546,6458.847,*,*,56,2,4,75.01,*,OP,dm,,100,Beige,**********,M,*,*,*,45.244,26.116,36.320,58.114,4.573,16.493,27.660,6.756,3.483,*,137.3,2.02,4.44,,,,,,,,,,,,,,,,
03062017,14:30,*,05062017,12,Baie-des-Chaleurs,CCGS Perley,R.ALLAIN / M.MORIYASU,4802.546,6458.847,*,*,57,2,4,63.01,*,OP,cm,,100,Beige,**********,M,*,*,*,46.965,25.825,37.833,52.972,6.084,15.279,40.253,5.577,17.033,*,107.2,1.44,3.47,,,,,,,,,,,,,,,,
03062017,14:30,*,05062017,12,Baie-des-Chaleurs,CCGS Perley,R.ALLAIN / M.MORIYASU,4802.546,6458.847,*,*,58,2,4,66.89,*,OP,m,,100,Beige,**********,M,*,*,*,47.456,29.288,40.822,57.219,9.943,19.364,47.817,5.448,22.104,*,116.9,1.75,3.91,,,,,,,,,,,,,,,,
03062017,14:30,*,05062017,12,Baie-des-Chaleurs,CCGS Perley,R.ALLAIN / M.MORIYASU,4802.546,6458.847,*,*,59,2,4,76.38,*,OP,m,,100,Beige,**********,M,*,*,*,45.674,27.162,37.706,61.149,7.383,16.593,49.294,4.729,24.215,*,159.2,3.18,6.66,,,,,,,,,,,,,,,,
03062017,14:30,*,05062017,12,Baie-des-Chaleurs,CCGS Perley,R.ALLAIN / M.MORIYASU,4802.546,6458.847,*,*,60,2,4,66.88,*,OP,cm,,100,Beige,**********,M,*,*,*,49.949,25.782,41.179,63.365,6.745,15.077,48.020,4.230,22.197,*,108,2.13,5.66,,,,,,,,,,,,,,,,
03062017,14:30,*,05062017,12,Baie-des-Chaleurs,CCGS Perley,R.ALLAIN / M.MORIYASU,4802.546,6458.847,*,*,61,2,4,67.81,*,OP,dm,,100,Beige,**********,M,*,*,*,39.617,25.161,28.304,60.838,7.089,17.068,29.133,5.781,1.900,*,119,2.3,5.61,,,,,,,,,,,,,,,,
03062017,14:30,*,05062017,12,Baie-des-Chaleurs,CCGS Perley,R.ALLAIN / M.MORIYASU,4802.546,6458.847,*,*,62,2,4,74.64,*,OP,dm,,100,Beige,**********,M,*,*,*,48.603,25.947,40.608,62.088,6.690,16.395,46.564,4.477,22.283,*,165.3,3.35,7.65,,,,,,,,,,,,,,,,
03062017,14:30,*,05062017,12,Baie-des-Chaleurs,CCGS Perley,R.ALLAIN / M.MORIYASU,4802.546,6458.847,*,*,63,2,4,67.2,*,OF,cm,,100,Beige,**********,M,*,*,*,43.786,27.171,33.647,59.537,5.737,11.749,41.186,6.662,23.676,*,136.7,2.66,5.53,,,,,,,,,,,,,,,,
03062017,14:30,*,05062017,12,Baie-des-Chaleurs,CCGS Perley,R.ALLAIN / M.MORIYASU,4802.546,6458.847,*,*,64,2,4,65.66,*,OF,m,,100,Orange,**********,M,*,*,*,40.386,27.208,28.800,52.401,32.929,44.977,50.471,5.241,29.270,*,113.8,6.37,5.42,,,,,,,,,,,,,,,,
03062017,14:30,*,05062017,12,Baie-des-Chaleurs,CCGS Perley,R.ALLAIN / M.MORIYASU,4802.546,6458.847,*,*,65,2,4,75.48,*,OF,m,w,100,Orange,*1********,M,*,*,*,38.973,27.115,28.235,57.490,25.849,45.615,38.981,9.207,19.340,*,146.7,3.99,5.85,,,,,,,,,,,,,,,,
03062017,14:30,*,05062017,12,Baie-des-Chaleurs,CCGS Perley,R.ALLAIN / M.MORIYASU,4802.546,6458.847,*,*,66,2,4,66.68,*,OF,cm,,100,Orange,**********,M,*,*,*,43.619,21.966,32.471,55.470,37.133,50.792,52.203,5.176,23.517,*,121.2,5.06,4.75,,,,,,,,,,,,,,,,
03062017,14:30,*,05062017,12,Baie-des-Chaleurs,CCGS Perley,R.ALLAIN / M.MORIYASU,4802.546,6458.847,*,*,67,2,4,74.12,*,OF,cm,,100,Beige,**********,M,*,*,*,43.848,29.079,36.585,66.600,4.760,17.533,45.958,3.356,20.607,*,151.4,2.59,5.84,,,,,,,,,,,,,,,,
03062017,14:30,*,05062017,12,Baie-des-Chaleurs,CCGS Perley,R.ALLAIN / M.MORIYASU,4802.546,6458.847,*,*,68,2,4,68.83,*,OF,m,w,100,Orange,**********,M,*,*,*,39.710,23.534,28.316,55.687,30.601,48.136,48.549,4.035,21.710,*,123.5,5.71,7.51,,,,,,,,,,,,,,,,
03062017,14:30,*,05062017,12,Baie-des-Chaleurs,CCGS Perley,R.ALLAIN / M.MORIYASU,4802.546,6458.847,*,*,69,2,4,58.35,*,OP,m,w,100,Orange,******1***,M,*,*,*,37.258,19.680,24.619,54.110,29.245,45.519,44.914,5.178,20.580,*,75.3,4.13,4.18,,,,,,,,,,,,,,,,
03062017,14:30,*,05062017,12,Baie-des-Chaleurs,CCGS Perley,R.ALLAIN / M.MORIYASU,4802.546,6458.847,*,*,70,2,4,56.51,*,OF,cm,,100,Beige,********2*,M,*,*,*,45.542,30.392,38.005,61.823,5.795,14.847,43.551,7.866,25.326,*,65.4,1.18,2.84,,,,,,,,,,,,,,,,
16062017,9:30,*,19062017,12,Bradelle Bank,CCGS Perley,R.ALLAIN / JF LANDRY,4717.095,6310.45,*,*,71,2,4,52.93,*,OF,,,100,Orange,****1*****,M,*,*,*,43.118,21.522,30.579,56.842,31.037,54.672,*,*,*,Hepatopancreas trop d‚grad‚,73.3,2.93,2.94,,,,,,,,,,,,,,,,
16062017,9:30,*,19062017,12,Bradelle Bank,CCGS Perley,R.ALLAIN / JF LANDRY,4717.095,6310.45,*,*,72,2,4,58.11,*,OF,,,100,Orange,*1****1***,M,*,*,*,38.208,21.948,32.709,56.254,33.604,52.359,*,*,*,Hepatopancreas trop d‚grad‚,84.5,3.03,4.5,,,,,,,,,,,,,,,,
16062017,9:30,*,19062017,12,Bradelle Bank,CCGS Perley,R.ALLAIN / JF LANDRY,4717.095,6310.45,*,*,73,2,4,54.96,*,OC,,,100,Orange,**********,M,*,*,*,42.056,19.011,30.841,*,*,*,*,*,*,Hepatopancreas trop d‚grad‚,86.9,3.82,4.05,,,,,,,,,,,,,,,,
16062017,9:30,*,19062017,12,Bradelle Bank,CCGS Perley,R.ALLAIN / JF LANDRY,4717.095,6310.45,*,*,74,2,4,50.04,*,OF,,,100,Orange,*1********,M,*,*,*,39.758,24.305,33.775,*,*,*,*,*,*,Hepatopancreas trop d‚grad‚,65.6,*,*,,,,,,,,,,,,,,,,
16062017,9:30,*,19062017,12,Bradelle Bank,CCGS Perley,R.ALLAIN / JF LANDRY,4717.095,6310.45,*,*,75,2,4,53.5,*,OF,,,100,Orange,**********,M,*,*,*,37.306,27.688,31.270,51.353,37.872,53.836,*,*,*,Hepatopancreas trop d‚grad‚,61.5,3.04,*,,,,,,,,,,,,,,,,
16062017,9:30,*,19062017,12,Bradelle Bank,CCGS Perley,R.ALLAIN / JF LANDRY,4717.095,6310.45,*,*,76,2,4,48.98,*,OF,,,100,Orange,********2*,M,*,*,*,43.397,28.415,36.403,53.699,35.669,52.430,*,*,*,Hepatopancreas trop d‚grad‚,63,3.04,*,,,,,,,,,,,,,,,,
16062017,9:30,*,19062017,12,Bradelle Bank,CCGS Perley,R.ALLAIN / JF LANDRY,4717.095,6310.45,*,*,77,2,4,52.93,*,OF,,,100,Orange,**********,M,*,*,*,40.855,21.578,27.356,56.168,34.316,56.437,*,*,*,Hepatopancreas trop d‚grad‚,84.2,3.84,*,,,,,,,,,,,,,,,,
16062017,9:30,*,19062017,12,Bradelle Bank,CCGS Perley,R.ALLAIN / JF LANDRY,4717.095,6310.45,*,*,78,2,4,68.99,*,OF,,,100,Orange,***1******,M,*,*,*,36.425,22.990,27.488,52.070,33.701,51.326,*,*,*,Hepatopancreas trop d‚grad‚,125.9,5.6,*,,,,,,,,,,,,,,,,
16062017,9:30,*,19062017,12,Bradelle Bank,CCGS Perley,R.ALLAIN / JF LANDRY,4717.095,6310.45,*,*,79,2,4,62.24,*,OF,,,100,Orange,**********,M,*,*,*,42.576,27.402,36.034,50.859,30.275,46.373,*,*,*,Hepatopancreas trop d‚grad‚,123.5,5.18,*,,,,,,,,,,,,,,,,
16062017,9:30,*,19062017,12,Bradelle Bank,CCGS Perley,R.ALLAIN / JF LANDRY,4717.095,6310.45,*,*,80,2,4,57.83,*,OF,,,100,Orange,**********,M,*,*,*,39.120,29.906,33.355,49.193,36.237,49.065,*,*,*,Hepatopancreas trop d‚grad‚,79,4.29,*,,,,,,,,,,,,,,,,
16062017,9:30,*,19062017,12,Bradelle Bank,CCGS Perley,R.ALLAIN / JF LANDRY,4717.095,6310.45,*,*,81,2,4,53.09,*,OF,,,100,Orange,****1*****,M,*,*,*,39.604,25.352,30.175,54.014,36.962,52.442,*,*,*,Hepatopancreas trop d‚grad‚,68.1,3.64,*,,,,,,,,,,,,,,,,
16062017,9:30,*,19062017,12,Bradelle Bank,CCGS Perley,R.ALLAIN / JF LANDRY,4717.095,6310.45,*,*,82,2,4,54.22,*,OF,,,100,Orange,**********,M,*,*,*,39.897,23.440,29.409,55.509,35.231,51.705,*,*,*,Hepatopancreas trop d‚grad‚,87.1,4.27,*,,,,,,,,,,,,,,,,
16062017,9:30,*,19062017,12,Bradelle Bank,CCGS Perley,R.ALLAIN / JF LANDRY,4717.095,6310.45,*,*,83,2,4,51.95,*,OF,,,100,Orange,**********,M,*,*,*,44.490,27.374,33.701,52.004,31.518,45.494,*,*,*,Hepatopancreas trop d‚grad‚,67.4,3.4,*,,,,,,,,,,,,,,,,
16062017,9:30,*,19062017,12,Bradelle Bank,CCGS Perley,R.ALLAIN / JF LANDRY,4717.095,6310.45,*,*,84,2,4,65.25,*,OF,,,100,Orange,**********,M,*,*,*,42.102,25.769,27.757,52.677,38.679,52.022,*,*,*,Hepatopancreas trop d‚grad‚,116.6,5.52,*,,,,,,,,,,,,,,,,
16062017,9:30,*,19062017,12,Bradelle Bank,CCGS Perley,R.ALLAIN / JF LANDRY,4717.095,6310.45,*,*,85,2,4,52.54,*,OF,,,100,Orange,***2******,M,*,*,*,38.420,25.005,26.091,53.644,38.435,51.095,*,*,*,Hepatopancreas trop d‚grad‚,67.5,3.29,*,,,,,,,,,,,,,,,,
16062017,9:30,*,19062017,12,Bradelle Bank,CCGS Perley,R.ALLAIN / JF LANDRY,4717.095,6310.45,*,*,86,2,4,52.54,*,OF,,,100,Orange,****1*****,M,*,*,*,40.151,29.137,31.623,48.673,38.193,45.093,*,*,*,Hepatopancreas trop d‚grad‚,56.4,3.06,*,,,,,,,,,,,,,,,,
16062017,9:30,*,19062017,12,Bradelle Bank,CCGS Perley,R.ALLAIN / JF LANDRY,4717.095,6310.45,*,*,87,2,4,53.32,*,OF,,,100,Orange,*********1,M,*,*,*,46.922,19.759,22.341,53.021,36.148,49.624,*,*,*,Hepatopancreas trop d‚grad‚,62.7,2.77,*,,,,,,,,,,,,,,,,
16062017,9:30,*,19062017,12,Bradelle Bank,CCGS Perley,R.ALLAIN / JF LANDRY,4717.095,6310.45,*,*,88,2,4,61.27,*,OF,,,100,Orange,**********,M,*,*,*,40.300,22.126,27.195,56.339,32.154,51.065,*,*,*,Hepatopancreas trop d‚grad‚,94.7,4.5,*,,,,,,,,,,,,,,,,
16062017,9:30,*,19062017,12,Bradelle Bank,CCGS Perley,R.ALLAIN / JF LANDRY,4717.095,6310.45,*,*,89,2,4,55.94,*,OF,,,100,Orange,**********,M,*,*,*,37.632,27.858,26.041,53.257,36.737,50.262,*,*,*,Hepatopancreas trop d‚grad‚,72.8,3.82,*,,,,,,,,,,,,,,,,
16062017,9:30,*,19062017,12,Bradelle Bank,CCGS Perley,R.ALLAIN / JF LANDRY,4717.095,6310.45,*,*,90,2,4,51.87,*,OF,,,100,Orange,**********,M,*,*,*,40.586,30.395,28.186,51.129,39.033,45.888,*,*,*,Hepatopancreas trop d‚grad‚,60.07,3.02,*,,,,,,,,,,,,,,,,
16062017,9:30,*,19062017,12,Bradelle Bank,CCGS Perley,R.ALLAIN / JF LANDRY,4717.095,6310.45,*,*,91,2,4,61.64,*,OC,,,100,Beige,**********,M,*,*,*,47.643,28.871,38.327,65.273,7.355,21.374,*,*,*,Hepatopancreas trop d‚grad‚,109.4,1.78,*,,,,,,,,,,,,,,,,
16062017,9:30,*,19062017,12,Bradelle Bank,CCGS Perley,R.ALLAIN / JF LANDRY,4717.095,6310.45,*,*,92,2,4,65.27,*,OF,,,100,Beige,**1*******,M,*,*,*,52.283,30.251,44.832,61.640,7.110,14.037,*,*,*,Hepatopancreas trop d‚grad‚,100,1.84,*,,,,,,,,,,,,,,,,
16062017,9:30,*,19062017,12,Bradelle Bank,CCGS Perley,R.ALLAIN / JF LANDRY,4717.095,6310.45,*,*,93,2,3M,51.92,*,OF,,,100,Beige,**********,M,*,*,*,51.302,28.354,40.721,65.615,6.775,15.792,*,*,*,Hepatopancreas trop d‚grad‚,58.8,1.02,*,,,,,,,,,,,,,,,,
16062017,9:30,*,19062017,12,Bradelle Bank,CCGS Perley,R.ALLAIN / JF LANDRY,4717.095,6310.45,*,*,94,2,4,49.27,*,OF,,,100,Orange,**********,M,*,*,*,40.282,26.467,25.223,54.906,34.283,48.181,*,*,*,Hepatopancreas trop d‚grad‚,53,2.46,*,,,,,,,,,,,,,,,,
16062017,9:30,*,19062017,12,Bradelle Bank,CCGS Perley,R.ALLAIN / JF LANDRY,4717.095,6310.45,*,*,95,2,4,60.18,*,OF,,,100,Orange,**1*******,M,*,*,*,40.118,23.440,22.853,51.040,36.703,44.602,*,*,*,Hepatopancreas trop d‚grad‚,81.3,3.89,*,,,,,,,,,,,,,,,,
16062017,9:30,*,19062017,12,Bradelle Bank,CCGS Perley,R.ALLAIN / JF LANDRY,4717.095,6310.45,*,*,96,2,4,60.77,*,OF,,,100,Orange,***7******,M,*,*,*,44.092,20.617,24.483,56.050,30.015,43.334,*,*,*,Hepatopancreas trop d‚grad‚,89.3,4.38,*,,,,,,,,,,,,,,,,
16062017,9:30,*,19062017,12,Bradelle Bank,CCGS Perley,R.ALLAIN / JF LANDRY,4717.095,6310.45,*,*,97,2,4,51.65,*,OF,,,100,Orange,**********,M,*,*,*,43.990,24.133,29.265,56.579,32.700,49.104,*,*,*,Hepatopancreas trop d‚grad‚,74.8,3.68,*,,,,,,,,,,,,,,,,
16062017,9:30,*,19062017,12,Bradelle Bank,CCGS Perley,R.ALLAIN / JF LANDRY,4717.095,6310.45,*,*,98,2,4,51.37,*,OF,,,100,Orange,**********,M,*,*,*,41.090,26.169,25.923,53.152,36.288,46.276,*,*,*,Hepatopancreas trop d‚grad‚,62.4,2.24,*,,,,,,,,,,,,,,,,
16062017,9:30,*,19062017,12,Bradelle Bank,CCGS Perley,R.ALLAIN / JF LANDRY,4717.095,6310.45,*,*,99,2,4,56.17,*,OF,,,100,Beige,**********,M,*,*,*,45.143,31.964,35.268,62.952,5.442,11.368,*,*,*,Hepatopancreas trop d‚grad‚,82.3,1.19,*,,,,,,,,,,,,,,,,
16062017,9:30,*,19062017,12,Bradelle Bank,CCGS Perley,R.ALLAIN / JF LANDRY,4717.095,6310.45,*,*,100,2,4,56.95,*,OF,,,100,Orange,***11*****,M,*,*,*,40.585,26.873,27.103,54.083,35.431,47.134,*,*,*,Hepatopancreas trop d‚grad‚,70.1,3.64,*,,,,,,,,,,,,,,,,
16062017,9:30,*,19062017,12,Bradelle Bank,CCGS Perley,R.ALLAIN / JF LANDRY,4717.095,6310.45,*,*,101,2,4,69.89,*,OF,,,100,Orange,**********,M,*,*,*,41.787,23.593,26.373,54.345,34.053,45.435,*,*,*,Hepatopancreas trop d‚grad‚,139.4,5.63,*,,,,,,,,,,,,,,,,
16062017,9:30,*,19062017,12,Bradelle Bank,CCGS Perley,R.ALLAIN / JF LANDRY,4717.095,6310.45,*,*,102,2,4,56.18,*,OF,,,100,Orange,******1***,M,*,*,*,41.176,24.299,23.312,56.265,34.074,47.386,*,*,*,Hepatopancreas trop d‚grad‚,74.4,3.22,*,,,,,,,,,,,,,,,,
16062017,9:30,*,19062017,12,Bradelle Bank,CCGS Perley,R.ALLAIN / JF LANDRY,4717.095,6310.45,*,*,103,2,4,58.99,*,OF,,,100,Orange,*1****1**1,M,*,*,*,40.336,22.037,23.989,56.720,32.923,48.024,*,*,*,Hepatopancreas trop d‚grad‚,88.2,4.08,*,,,,,,,,,,,,,,,,
16062017,9:30,*,19062017,12,Bradelle Bank,CCGS Perley,R.ALLAIN / JF LANDRY,4717.095,6310.45,*,*,104,2,3M,56.49,*,OF,,,100,Orange,**********,M,*,*,*,41.603,23.919,26.414,54.203,35.586,48.159,*,*,*,Hepatopancreas trop d‚grad‚,81,4.31,*,,,,,,,,,,,,,,,,
16062017,9:30,*,19062017,12,Bradelle Bank,CCGS Perley,R.ALLAIN / JF LANDRY,4717.095,6310.45,*,*,105,2,4,51.71,*,OF,,,100,Orange,*********1,M,*,*,*,41.542,24.812,27.120,53.367,36.400,47.600,*,*,*,Hepatopancreas trop d‚grad‚,73.5,3.47,*,,,,,,,,,,,,,,,,
16062017,9:30,*,19062017,12,Bradelle Bank,CCGS Perley,R.ALLAIN / JF LANDRY,4717.095,6310.45,*,*,106,2,4,62.01,*,OF,,,100,Orange,**********,M,*,*,*,40.137,23.488,25.258,51.660,30.988,41.071,*,*,*,Hepatopancreas trop d‚grad‚,102.9,4.65,*,,,,,,,,,,,,,,,,
16062017,9:30,*,19062017,12,Bradelle Bank,CCGS Perley,R.ALLAIN / JF LANDRY,4717.095,6310.45,*,*,107,2,4,53.26,*,OF,,,100,Orange,**********,M,*,*,*,38.762,24.372,24.436,56.059,32.542,49.500,*,*,*,Hepatopancreas trop d‚grad‚,66.7,3.22,*,,,,,,,,,,,,,,,,
16062017,9:30,*,19062017,12,Bradelle Bank,CCGS Perley,R.ALLAIN / JF LANDRY,4717.095,6310.45,*,*,108,2,4,71.25,*,OF,,,100,Orange,**********,M,*,*,*,41.031,25.307,28.014,52.212,34.409,44.705,*,*,*,Hepatopancreas trop d‚grad‚,138.7,6.62,*,,,,,,,,,,,,,,,,
16062017,9:30,*,19062017,12,Bradelle Bank,CCGS Perley,R.ALLAIN / JF LANDRY,4717.095,6310.45,*,*,109,2,4,57.54,*,OF,,,100,Orange,**********,M,*,*,*,41.496,26.440,27.412,52.509,34.391,44.938,*,*,*,Hepatopancreas trop d‚grad‚,84.7,4.02,*,,,,,,,,,,,,,,,,
16062017,9:30,*,19062017,12,Bradelle Bank,CCGS Perley,R.ALLAIN / JF LANDRY,4717.095,6310.45,*,*,110,2,4,57.28,*,OF,,,100,Orange,*********1,M,*,*,*,39.705,20.169,23.201,57.894,33.001,50.462,*,*,*,Hepatopancreas trop d‚grad‚,85.9,4.04,*,,,,,,,,,,,,,,,,
16062017,9:30,*,19062017,12,Bradelle Bank,CCGS Perley,R.ALLAIN / JF LANDRY,4717.095,6310.45,*,*,111,2,4,58.35,*,OF,,,100,Orange,****1*****,M,*,*,*,40.536,28.639,27.201,53.018,35.687,47.212,*,*,*,Hepatopancreas trop d‚grad‚,78.1,3.57,*,,,,,,,,,,,,,,,,
16062017,9:30,*,19062017,12,Bradelle Bank,CCGS Perley,R.ALLAIN / JF LANDRY,4717.095,6310.45,*,*,112,2,4,61.76,*,OF,,,100,Orange,******1***,M,*,*,*,40.826,21.530,24.749,56.380,28.975,47.733,*,*,*,Hepatopancreas trop d‚grad‚,99.7,2.52,*,,,,,,,,,,,,,,,,
16062017,9:30,*,19062017,12,Bradelle Bank,CCGS Perley,R.ALLAIN / JF LANDRY,4717.095,6310.45,*,*,113,2,4,63.34,*,OF,,,100,Orange,**********,M,*,*,*,39.318,24.382,24.138,53.269,32.610,44.517,*,*,*,Hepatopancreas trop d‚grad‚,120.3,5.51,*,,,,,,,,,,,,,,,,
16062017,9:30,*,19062017,12,Bradelle Bank,CCGS Perley,R.ALLAIN / JF LANDRY,4717.095,6310.45,*,*,114,2,4,58.46,*,OF,,,100,Orange,*7**7*****,M,*,*,*,40.384,24.998,25.975,52.749,36.724,45.805,*,*,*,Hepatopancreas trop d‚grad‚,84.5,5.25,*,,,,,,,,,,,,,,,,
16062017,9:30,*,19062017,12,Bradelle Bank,CCGS Perley,R.ALLAIN / JF LANDRY,4717.095,6310.45,*,*,115,2,4,62.27,*,OF,,,100,Beige,***1**7*7*,M,*,*,*,47.792,28.991,37.093,64.420,5.922,13.687,*,*,*,Hepatopancreas trop d‚grad‚,95.3,1.58,*,,,,,,,,,,,,,,,,
16062017,9:30,*,19062017,12,Bradelle Bank,CCGS Perley,R.ALLAIN / JF LANDRY,4717.095,6310.45,*,*,116,2,4,52.49,*,OC,,,100,Orange,**********,M,*,*,*,44.541,24.951,31.903,54.413,33.504,47.208,*,*,*,Hepatopancreas trop d‚grad‚,71.6,3.02,*,,,,,,,,,,,,,,,,
16062017,9:30,*,19062017,12,Bradelle Bank,CCGS Perley,R.ALLAIN / JF LANDRY,4717.095,6310.45,*,*,117,2,4,66.08,*,OF,,,100,Orange,**********,M,*,*,*,42.832,21.838,26.952,59.210,26.518,46.308,*,*,*,Hepatopancreas trop d‚grad‚,133.1,3.62,*,,,,,,,,,,,,,,,,
16062017,9:30,*,19062017,12,Bradelle Bank,CCGS Perley,R.ALLAIN / JF LANDRY,4717.095,6310.45,*,*,118,2,4,52.58,*,OF,,,100,Orange,**********,M,*,*,*,40.959,27.864,28.160,52.988,35.624,47.164,*,*,*,Hepatopancreas trop d‚grad‚,63,3.48,*,,,,,,,,,,,,,,,,
16062017,9:30,*,19062017,12,Bradelle Bank,CCGS Perley,R.ALLAIN / JF LANDRY,4717.095,6310.45,*,*,119,2,4,58.14,*,OF,,,100,Orange,**********,M,*,*,*,39.537,22.762,23.994,50.869,30.004,39.064,*,*,*,Hepatopancreas trop d‚grad‚,83.6,3.25,*,,,,,,,,,,,,,,,,
16062017,9:30,*,19062017,12,Bradelle Bank,CCGS Perley,R.ALLAIN / JF LANDRY,4717.095,6310.45,*,*,120,2,4,58.99,*,OC,,,100,Beige,**********,M,*,*,*,49.799,24.261,40.380,64.653,7.868,21.076,*,*,*,Hepatopancreas trop d‚grad‚,94.3,1.38,*,,,,,,,,,,,,,,,,
16062017,9:30,*,19062017,12,Bradelle Bank,CCGS Perley,R.ALLAIN / JF LANDRY,4717.095,6310.45,*,*,121,2,3M,60.58,*,OF,,,100,Beige,**********,M,*,*,*,49.421,31.321,45.172,64.886,6.754,17.499,*,*,*,Hepatopancreas trop d‚grad‚,88.5,1.36,*,,,,,,,,,,,,,,,,
16062017,9:30,*,19062017,12,Bradelle Bank,CCGS Perley,R.ALLAIN / JF LANDRY,4717.095,6310.45,*,*,122,2,4,57,*,OF,,,100,Orange,**********,M,*,*,*,40.417,24.597,30.205,56.521,34.337,52.454,*,*,*,Hepatopancreas trop d‚grad‚,94.6,4.34,*,,,,,,,,,,,,,,,,
16062017,9:30,*,19062017,12,Bradelle Bank,CCGS Perley,R.ALLAIN / JF LANDRY,4717.095,6310.45,*,*,123,2,4,68.69,*,OF,,,100,Orange,***1******,M,*,*,*,41.276,23.409,28.524,54.427,32.823,50.901,*,*,*,Hepatopancreas trop d‚grad‚,124.6,5.62,*,,,,,,,,,,,,,,,,
16062017,9:30,*,19062017,12,Bradelle Bank,CCGS Perley,R.ALLAIN / JF LANDRY,4717.095,6310.45,*,*,124,2,4,57.52,*,OF,,,100,Orange,****1*****,M,*,*,*,38.465,24.246,27.941,54.406,34.755,50.428,*,*,*,Hepatopancreas trop d‚grad‚,75.6,3.81,*,,,,,,,,,,,,,,,,
16062017,9:30,*,19062017,12,Bradelle Bank,CCGS Perley,R.ALLAIN / JF LANDRY,4717.095,6310.45,*,*,125,2,4,58.2,*,OF,,,100,Orange,****1****1,M,*,*,*,40.953,26.199,30.263,54.767,33.097,49.680,*,*,*,Hepatopancreas trop d‚grad‚,92.6,4.56,*,,,,,,,,,,,,,,,,
16062017,9:30,*,19062017,12,Bradelle Bank,CCGS Perley,R.ALLAIN / JF LANDRY,4717.095,6310.45,*,*,126,2,4,63.22,*,OF,,,100,Orange,**********,M,*,*,*,40.816,24.636,31.125,55.430,30.429,50.664,*,*,*,Hepatopancreas trop d‚grad‚,96.6,4.38,*,,,,,,,,,,,,,,,,
16062017,9:30,*,19062017,12,Bradelle Bank,CCGS Perley,R.ALLAIN / JF LANDRY,4717.095,6310.45,*,*,127,2,4,54.15,*,OF,,,100,Orange,**********,M,*,*,*,39.844,21.643,27.037,51.718,30.954,44.153,*,*,*,Hepatopancreas trop d‚grad‚,83.2,4.03,*,,,,,,,,,,,,,,,,
16062017,9:30,*,19062017,12,Bradelle Bank,CCGS Perley,R.ALLAIN / JF LANDRY,4717.095,6310.45,*,*,128,2,4,55.94,*,OF,,,100,Orange,**********,M,*,*,*,41.520,25.386,29.058,52.643,35.988,49.880,*,*,*,Hepatopancreas trop d‚grad‚,89.3,4.78,*,,,,,,,,,,,,,,,,
16062017,9:30,*,19062017,12,Bradelle Bank,CCGS Perley,R.ALLAIN / JF LANDRY,4717.095,6310.45,*,*,129,2,4,56.55,*,OF,,,100,Orange,*****2****,M,*,*,*,43.852,25.621,33.518,48.869,33.010,44.989,*,*,*,Hepatopancreas trop d‚grad‚,83,4.52,*,,,,,,,,,,,,,,,,
16062017,9:30,*,19062017,12,Bradelle Bank,CCGS Perley,R.ALLAIN / JF LANDRY,4717.095,6310.45,*,*,130,2,4,61.66,*,OF,,,100,Orange,****7*****,M,*,*,*,40.309,25.678,32.034,51.400,33.301,48.178,*,*,*,Hepatopancreas trop d‚grad‚,88.8,5.06,*,,,,,,,,,,,,,,,,
16062017,9:30,*,19062017,12,Bradelle Bank,CCGS Perley,R.ALLAIN / JF LANDRY,4717.095,6310.45,*,*,131,2,4,51.31,*,OF,,,100,Orange,**********,M,*,*,*,38.763,29.011,30.098,51.716,36.415,49.918,*,*,*,Hepatopancreas trop d‚grad‚,60,2.62,*,,,,,,,,,,,,,,,,
16062017,9:30,*,19062017,12,Bradelle Bank,CCGS Perley,R.ALLAIN / JF LANDRY,4717.095,6310.45,*,*,132,2,4,75.54,*,OF,,,100,Orange,**********,M,*,*,*,42.550,26.763,33.395,52.357,37.291,51.465,*,*,*,Hepatopancreas trop d‚grad‚,168.7,8.42,*,,,,,,,,,,,,,,,,
16062017,9:30,*,19062017,12,Bradelle Bank,CCGS Perley,R.ALLAIN / JF LANDRY,4717.095,6310.45,*,*,133,2,4,57.17,*,OC,,,100,Beige,1*****7***,M,*,*,*,54.348,24.660,47.071,64.221,2.571,21.847,*,*,*,Gonade trop petite pour colorimetre,71.2,0.98,*,,,,,,,,,,,,,,,,
16062017,9:30,*,19062017,12,Bradelle Bank,CCGS Perley,R.ALLAIN / JF LANDRY,4717.095,6310.45,*,*,134,2,4,68.51,*,OF,,,100,Orange,****1*****,M,*,*,*,44.552,23.003,33.894,54.360,31.771,49.363,*,*,*,Hepatopancreas trop d‚grad‚,147.1,5.61,*,,,,,,,,,,,,,,,,
16062017,9:30,*,19062017,12,Bradelle Bank,CCGS Perley,R.ALLAIN / JF LANDRY,4717.095,6310.45,*,*,135,2,4,55.47,*,OF,,,100,Orange,*******2**,M,*,*,*,41.310,26.165,31.669,53.512,32.790,50.806,*,*,*,Hepatopancreas trop d‚grad‚,74.8,3.44,*,,,,,,,,,,,,,,,,
16062017,9:30,*,19062017,12,Bradelle Bank,CCGS Perley,R.ALLAIN / JF LANDRY,4717.095,6310.45,*,*,136,2,4,61.52,*,OF,,,100,Orange,**********,M,*,*,*,42.145,28.694,36.807,53.424,36.519,52.582,*,*,*,Hepatopancreas trop d‚grad‚,85.4,3.33,*,,,,,,,,,,,,,,,,
16062017,9:30,*,19062017,12,Bradelle Bank,CCGS Perley,R.ALLAIN / JF LANDRY,4717.095,6310.45,*,*,137,2,4,55.84,*,OF,,,100,Orange,**********,M,*,*,*,38.893,24.779,30.634,53.566,35.986,54.483,*,*,*,Hepatopancreas trop d‚grad‚,86.3,4.89,*,,,,,,,,,,,,,,,,
16062017,9:30,*,19062017,12,Bradelle Bank,CCGS Perley,R.ALLAIN / JF LANDRY,4717.095,6310.45,*,*,138,2,4,55.66,*,OF,,,100,Orange,****1***1*,M,*,*,*,37.639,26.298,27.447,54.671,36.486,54.807,*,*,*,Hepatopancreas trop d‚grad‚,82,4.23,*,,,,,,,,,,,,,,,,
16062017,9:30,*,19062017,12,Bradelle Bank,CCGS Perley,R.ALLAIN / JF LANDRY,4717.095,6310.45,*,*,139,2,4,49.76,*,OF,,,100,Orange,**********,M,*,*,*,38.617,25.931,30.803,52.078,34.526,51.133,*,*,*,Hepatopancreas trop d‚grad‚,58.6,2.74,*,,,,,,,,,,,,,,,,
16062017,9:30,*,19062017,12,Bradelle Bank,CCGS Perley,R.ALLAIN / JF LANDRY,4717.095,6310.45,*,*,140,2,4,60.38,*,OF,,,100,Orange,**********,M,*,*,*,39.053,28.612,32.420,53.136,35.890,54.933,*,*,*,Hepatopancreas trop d‚grad‚,95.4,5.62,*,,,,,,,,,,,,,,,,
16062017,10:30,*,19062017,12,Bradelle Bank,CCGS Perley,R.ALLAIN / JF LANDRY,4717.095,6310.45,*,*,141,2,4,49.56,*,OF,,,100,Orange,**********,M,*,*,*,35.254,25.818,27.476,53.901,34.900,54.045,*,*,*,Hepatopancreas trop d‚grad‚,62.3,2.74,*,,,,,,,,,,,,,,,,
16062017,11:30,*,19062017,12,Bradelle Bank,CCGS Perley,R.ALLAIN / JF LANDRY,4717.095,6310.45,*,*,142,2,4,48.84,*,OF,,,100,Orange,**********,M,*,*,*,37.630,27.186,31.167,52.626,36.699,52.701,*,*,*,Hepatopancreas trop d‚grad‚,54.2,2.7,*,,,,,,,,,,,,,,,,
